{"stats":{"minecraft:killed":{"minecraft:skeleton":1,"thermal:blitz":1,"minecraft:zombie_villager":1,"laendli_transport:crab":3,"minecraft:zombie":9,"aoa3:goblin":2,"laendli_transport:bock":1,"aoa3:charger":11,"mekanismadditions:baby_skeleton":1,"iceandfire:ghost":1},"minecraft:broken":{"minecraft:stone_axe":1,"immersive_armors:warrior_chestplate":1,"minecraft:leather_helmet":1,"minecraft:iron_pickaxe":3,"magistuarmory:tin_bastardsword":1},"minecraft:mined":{"minecraft:blue_carpet":2,"allomancy:tin_ore":91,"minecraft:jungle_leaves":2,"minecraft:grass_block":11,"biomesoplenty:stripped_mahogany_log":1,"minecraft:jungle_log":4,"minecraft:coal_block":8,"allomancy:aluminum_ore":7,"mysticalagriculture:inferium_ore":7,"minecraft:iron_ore":218,"minecraft:cobbled_deepslate":5,"create:asurine":5,"supplementaries:stick":1,"ars_nouveau:red_archwood_log":1,"powah:uraninite_ore_poor":7,"occultism:silver_ore":1,"create:veridium":1,"alltheores:nickel_ore":13,"xycraft_world:xychorium_ore_stone_light":1,"minecraft:orange_bed":19,"biomesoplenty:wildflower":1,"biomesoplenty:black_sandstone":4,"minecraft:torch":14,"minecraft:blast_furnace":1,"minecraft:melon":7,"mekanism:tin_ore":2,"minecraft:mushroom_stem":8,"denseores:dense_coal_ore":38,"minecraft:cobblestone":19,"minecraft:wall_torch":13,"aoa3:limonite_ore":24,"excessive_building:dark_oak_crafting_table":7,"minecraft:wheat":3,"alltheores:tin_ore":170,"minecraft:grass":35,"mekanism:deepslate_tin_ore":4,"minecraft:oak_log":28,"mekanism:lead_ore":3,"minecraft:dirt":10,"thermal:nickel_ore":1,"minecraft:smooth_basalt":1,"minecraft:oak_leaves":13,"minecraft:deepslate":5,"denseores:dense_iron_ore":28,"create:zinc_ore":13,"minecraft:tuff":2,"alltheores:zinc_ore":34,"iceandfire:silver_ore":11,"minecraft:dark_oak_leaves":8,"minecraft:dark_oak_log":11,"biomesoplenty:toadstool_block":32,"xycraft_world:xychorium_ore_stone_blue":1,"pneumaticcraft:heat_pipe":1,"supreme_mining_dimension:syenite":8,"minecraft:hay_block":25,"denseores:dense_copper_ore":4,"denseores:dense_emerald_ore":23,"minecraft:furnace":7,"evilcraft:dark_ore":10,"minecraft:bookshelf":12,"biomesoplenty:mahogany_leaves":1,"allomancy:zinc_ore":33,"minecraft:stripped_oak_log":2,"minecraft:bamboo":9,"ae2:sky_stone_block":10,"minecraft:stone":191,"supplementaries:book_pile_horizontal":1,"minecraft:scaffolding":14,"quark:oak_chest":3,"biomesoplenty:black_sand":15,"minecraft:crafting_table":8,"thermal:apatite_ore":6,"quark:spruce_bookshelf":12,"minecraft:emerald_ore":2,"biomesoplenty:mahogany_planks":15,"minecraft:campfire":2,"minecraft:tall_grass":3,"minecraft:copper_ore":26,"biomesoplenty:sprout":2,"supreme_mining_dimension:tin_ore":7,"pamhc2trees:pamjackfruit":1,"ars_nouveau:blue_archwood_log":1,"croptopia:plum_crop":1,"biomesoplenty:mahogany_log":7,"minecraft:coal_ore":264,"minecraft:dripstone_block":1,"minecraft:gravel":14,"minecraft:fern":17},"minecraft:dropped":{"minecraft:oak_log":3,"minecraft:ender_pearl":1,"minecraft:crafting_table":7,"minecraft:dark_oak_sapling":2,"alltheores:raw_zinc":10,"biomesoplenty:black_sand":27,"biomesoplenty:mahogany_planks":183,"biomesoplenty:black_sandstone":8,"thermal:flax_seeds":1,"minecraft:flint":2,"minecraft:dirt":6,"excessive_building:dark_oak_crafting_table":5,"farmersdelight:onion":4,"minecraft:bone_meal":1,"allomancy:pewter_flakes":1,"allomancy:raw_aluminum":3,"minecraft:iron_pickaxe":2,"minecraft:bone":15,"xycraft_world:xychorium_gem_light":1,"biomesoplenty:mahogany_button":2,"biomesoplenty:toadstool":24,"minecraft:stone_axe":2,"minecraft:iron_nugget":2,"croptopia:toast":3,"minecraft:cobbled_deepslate":2,"minecraft:wheat":3,"xycraft_world:xychorium_gem_blue":2,"minecraft:rotten_flesh":8,"minecraft:oak_planks":18,"evilcraft:flesh_humanoid":2,"patchouli:guide_book":5,"minecraft:leather_chestplate":1,"aoa3:sharp_claw":1,"mysticalagriculture:inferium_essence":2,"farmersdelight:rope":6,"doggytalents:rice_grains":1,"minecraft:beef":1,"biomesoplenty:mahogany_sapling":18,"minecraft:written_book":1,"minecraft:bread":1,"biomesoplenty:mahogany_log":5,"minecraft:wheat_seeds":1,"aoa3:scrap_metal":3,"enderio:wood_gear":1,"supreme_mining_dimension:cobbled_syenite":8,"minecraft:iron_helmet":1,"minecraft:feather":16,"minecraft:cobblestone":123,"minecraft:apple":1,"evilcraft:dark_gem":1,"minecraft:coal":9,"minecraft:coal_block":8,"minecraft:stick":26,"ars_nouveau:worn_notebook":1,"minecraft:torch":476,"pneumaticcraft:pneumatic_wrench":1,"minecraft:wooden_axe":1,"minecraft:orange_bed":2,"minecraft:paper":24,"croptopia:plum":1,"minecraft:smooth_basalt":2,"minecraft:stone_sword":1,"minecraft:raw_copper":45,"ars_nouveau:archwood_planks":8,"minecraft:tuff":5,"aoa3:raw_charger_shank":6,"minecraft:raw_iron":64,"magistuarmory:tin_bastardsword":1,"thermal:tomato_seeds":1,"minecraft:cobblestone_slab":9,"minecraft:hay_block":1,"create:veridium":4,"minecraft:oak_sapling":2,"thermal:raw_nickel":1,"minecraft:stone_pickaxe":3,"minecraft:wooden_pickaxe":3},"minecraft:used":{"minecraft:iron_shovel":12,"pneumaticcraft:heat_pipe":1,"minecraft:iron_sword":6,"pneumaticcraft:compressed_stone":6,"minecraft:jungle_planks":16,"excessive_building:dark_oak_crafting_table":8,"minecraft:lantern":6,"minecraft:iron_helmet":1,"pneumaticcraft:pneumatic_wrench":2,"minecraft:item_frame":1,"ironfurnaces:iron_furnace":6,"minecraft:furnace":6,"minecraft:stone_pickaxe":216,"minecraft:wooden_pickaxe":11,"ironchest:copper_chest":2,"croptopia:orange":8,"easy_villagers:villager":1,"minecraft:bread":14,"create:asurine":5,"croptopia:toast":36,"delightful:acorn":1,"biomesoplenty:mahogany_planks":244,"minecraft:stone_sword":6,"magistuarmory:tin_bastardsword":154,"minecraft:orange_bed":18,"minecraft:stick":1,"minecraft:torch":481,"minecraft:dirt":8,"minecraft:wooden_axe":26,"minecraft:iron_boots":1,"minecraft:stone_pressure_plate":1,"minecraft:cobbled_deepslate":5,"biomesoplenty:black_sand":5,"minecraft:water_bucket":44,"minecraft:cobblestone_slab":3,"minecraft:crafting_table":12,"minecraft:campfire":2,"create_sa:copper_leggings":1,"minecraft:iron_pickaxe":1107,"minecraft:stone_axe":191,"minecraft:blue_carpet":3,"minecraft:cobblestone":129,"minecraft:bucket":49,"quark:oak_chest":4},"minecraft:crafted":{"excessive_building:dark_oak_crafting_table":1,"minecraft:oak_planks":213,"minecraft:cobblestone_slab":12,"magistuarmory:tin_bastardsword":2,"ars_nouveau:archwood_planks":8,"create_sa:copper_chestplate":1,"ironfurnaces:iron_furnace":6,"cyclic:crafting_stick":1,"create_sa:copper_axe":1,"create_sa:copper_leggings":1,"minecraft:crafting_table":6,"minecraft:wooden_pickaxe":3,"minecraft:iron_helmet":1,"minecraft:copper_ingot":75,"minecraft:campfire":2,"minecraft:stick":144,"biomesoplenty:mahogany_button":1,"quark:oak_chest":3,"minecraft:iron_ingot":72,"minecraft:iron_pickaxe":4,"thermal:tin_ingot":86,"magistuarmory:leather_strip":12,"minecraft:coal":72,"biomesoplenty:mahogany_planks":391,"minecraft:furnace":5,"magistuarmory:tin_shortsword":2,"create_sa:copper_helmet":1,"magistuarmory:hilt":2,"minecraft:stone_pickaxe":3,"minecraft:dark_oak_planks":12,"minecraft:wheat":225,"ironchest:copper_chest":2,"minecraft:bucket":5,"minecraft:stone_axe":3,"minecraft:bread":99,"minecraft:air":0,"minecraft:jungle_planks":16,"minecraft:wooden_axe":1,"minecraft:iron_shovel":2,"minecraft:torch":460,"create:zinc_ingot":9,"levelhearts:heart_container":3},"minecraft:custom":{"lootr:looted_stat":22,"minecraft:interact_with_crafting_table":94,"goblintraders:trade_with_goblin":51,"minecraft:leave_game":5,"minecraft:time_since_death":42519,"minecraft:damage_resisted":0,"minecraft:sprint_one_cm":458592,"minecraft:damage_blocked_by_shield":60,"minecraft:drop":223,"minecraft:talked_to_villager":17,"minecraft:play_time":397364,"minecraft:deaths":4,"minecraft:jump":5447,"minecraft:interact_with_brewingstand":1,"minecraft:walk_on_water_one_cm":50934,"minecraft:interact_with_furnace":156,"minecraft:sleep_in_bed":19,"minecraft:waystone_activated":2,"minecraft:damage_dealt":6268,"minecraft:crouch_one_cm":17390,"minecraft:mob_kills":32,"minecraft:interact_with_campfire":105,"minecraft:damage_dealt_resisted":0,"minecraft:climb_one_cm":14540,"minecraft:walk_one_cm":665890,"minecraft:sneak_time":8361,"minecraft:walk_under_water_one_cm":30225,"minecraft:interact_with_blast_furnace":1,"minecraft:total_world_time":397364,"minecraft:tune_noteblock":1,"minecraft:time_since_rest":9958,"minecraft:damage_taken":6527,"minecraft:swim_one_cm":66146,"minecraft:fly_one_cm":673103,"minecraft:open_chest":171,"minecraft:fall_one_cm":150689},"minecraft:picked_up":{"minecraft:wheat":48,"minecraft:raw_copper":171,"biomesoplenty:stripped_mahogany_log":1,"mysticalagriculture:inferium_essence":31,"minecraft:cobbled_deepslate":10,"delightful:acorn":1,"minecraft:iron_pickaxe":1,"delightful:green_tea_leaf":2,"minecraft:melon_slice":33,"minecraft:coal_block":16,"minecraft:furnace":6,"minecraft:iron_boots":1,"minecraft:stick":42,"apotheosis:gem":1,"minecraft:torch":506,"supreme_mining_dimension:cobbled_syenite":8,"thermal:flax_seeds":1,"mekanism:raw_tin":6,"thermal:apatite":37,"minecraft:orange_bed":21,"minecraft:stone_sword":1,"minecraft:rotten_flesh":9,"biomesoplenty:mahogany_sapling":18,"create:asurine":5,"create:veridium":4,"aoa3:raw_limonite":28,"supplementaries:ash":1,"minecraft:cobblestone":301,"minecraft:feather":14,"cyclic:shield_wood":1,"minecraft:jungle_log":4,"minecraft:potato":3,"minecraft:flint":3,"minecraft:tuff":5,"create:raw_zinc":13,"evilcraft:flesh_humanoid":2,"minecraft:dirt":19,"minecraft:lantern":4,"pneumaticcraft:heat_pipe":1,"alltheores:raw_tin":160,"minecraft:bone":16,"minecraft:wheat_seeds":227,"allomancy:raw_tin":90,"aoa3:sharp_claw":1,"minecraft:bamboo":63,"biomesoplenty:mahogany_planks":206,"minecraft:oak_planks":21,"supreme_mining_dimension:raw_tin":4,"biomesoplenty:toadstool":24,"croptopia:plum":1,"minecraft:dark_oak_log":11,"alltheores:raw_nickel":13,"magistuarmory:tin_bastardsword":12,"xycraft_world:xychorium_gem_light":1,"magistuarmory:greathelm":1,"minecraft:bone_meal":3,"minecraft:bread":4,"minecraft:emerald":61,"minecraft:oak_sapling":2,"iceandfire:raw_silver":11,"croptopia:toast":109,"ars_nouveau:red_archwood_log":1,"minecraft:charcoal":4,"minecraft:crafting_table":15,"aoa3:copper_coin":46,"minecraft:wooden_pickaxe":2,"minecraft:cornflower":1,"thermal:raw_nickel":1,"minecraft:item_frame":1,"biomesoplenty:black_sand":32,"aoa3:raw_charger_shank":6,"minecraft:beef":1,"minecraft:iron_nugget":4,"minecraft:dark_oak_sapling":2,"minecraft:raw_iron":444,"alltheores:raw_zinc":44,"pneumaticcraft:pneumatic_wrench":2,"ars_nouveau:blue_archwood_log":1,"minecraft:stone_pressure_plate":1,"minecraft:blue_carpet":3,"xycraft_world:xychorium_gem_blue":2,"minecraft:hay_block":26,"minecraft:stripped_oak_log":3,"biomesoplenty:black_sandstone":8,"mekanism:raw_lead":3,"doggytalents:rice_grains":3,"minecraft:oak_log":43,"allomancy:raw_aluminum":10,"minecraft:paper":24,"minecraft:apple":1,"minecraft:iron_ingot":29,"minecraft:stone_pickaxe":1,"excessive_building:dark_oak_crafting_table":12,"thermal:tomato_seeds":1,"minecraft:iron_sword":1,"minecraft:book":75,"minecraft:scaffolding":16,"allomancy:raw_zinc":34,"minecraft:smooth_basalt":2,"xycraft_world:raw_aluminum":7,"minecraft:gravel":7,"aoa3:scrap_metal":4,"powah:uraninite_raw":9,"minecraft:blast_furnace":1,"quark:oak_chest":3,"biomesoplenty:mahogany_log":154,"minecraft:stone_axe":4,"evilcraft:dark_gem":45,"croptopia:orange":32,"biomesoplenty:mahogany_button":1,"minecraft:coal":538}},"DataVersion":3465}