{"stats":{"minecraft:killed":{"aoa3:charger":3,"minecraft:vindicator":1,"player_companions:samurai":1,"minecraft:skeleton":1,"minecraft:zombie_villager":1,"minecraft:sheep":3,"minecraft:pillager":19,"minecraft:zombie":1,"aoa3:goblin":1},"minecraft:broken":{"minecraft:wooden_axe":2},"minecraft:mined":{"minecraft:white_bed":1,"minecraft:dark_oak_leaves":4,"iceandfire:copper_pile":2,"minecraft:dark_oak_log":6,"minecraft:spruce_trapdoor":3,"biomesoplenty:bush":5,"minecraft:grass_block":3,"sophisticatedbackpacks:iron_backpack":1,"minecraft:composter":2,"minecraft:spawner":1,"minecraft:hay_block":6,"minecraft:magma_block":1,"quark:bonded_leather":1,"minecraft:furnace":9,"minecraft:carrots":1,"minecraft:raw_gold_block":28,"minecraft:iron_ore":42,"minecraft:fletching_table":1,"iceandfire:gold_pile":38,"minecraft:iron_bars":1,"minecraft:stone":23,"vinery:jungle_grape_bush_red":1,"minecraft:acacia_leaves":1,"botania:orange_mystical_flower":1,"ars_nouveau:green_archwood_log":1,"minecraft:smoker":1,"minecraft:stone_brick_slab":1,"ironfurnaces:iron_furnace":3,"minecraft:blast_furnace":1,"denseores:dense_coal_ore":4,"minecraft:tall_grass":1,"minecraft:cobblestone":2,"ars_nouveau:source_jar":1,"biomesoplenty:sprout":1,"minecraft:cyan_bed":2,"minecraft:spruce_stairs":1,"farmersdelight:wild_beetroots":1,"farmersdelight:skillet":1,"biomesoplenty:mahogany_log":1,"quark:spruce_ladder":1,"minecraft:wheat":9,"minecraft:white_carpet":6,"minecraft:smooth_stone_slab":3,"quark:deepslate_furnace":1,"quark:rusty_iron_plate":1,"minecraft:grass":7,"minecraft:coal_ore":17,"iceandfire:silver_pile":3,"ars_nouveau:imbuement_chamber":1,"minecraft:oak_leaves":3,"denseores:dense_iron_ore":8,"minecraft:fern":6},"minecraft:dropped":{"minecraft:spruce_sign":6,"biomesoplenty:mahogany_log":54,"minecraft:wheat_seeds":142,"quark:deepslate_furnace":2,"minecraft:loom":3,"minecraft:dark_oak_sapling":2,"minecraft:feather":4,"minecraft:crossbow":3,"botania:orange_mystical_flower":1,"biomesoplenty:black_sand":9,"minecraft:cobblestone":2,"delightful:green_tea_leaf":2,"aoa3:copper_coin":9,"minecraft:spruce_stairs":4,"vinery:jungle_grape_seeds_red":1,"minecraft:coal":6,"minecraft:item_frame":1,"ars_nouveau:worn_notebook":1,"minecraft:dark_oak_log":1,"ars_nouveau:green_archwood_sapling":5,"minecraft:torch":2,"minecraft:gold_nugget":8,"minecraft:iron_axe":1,"adorn:guide_book":1,"minecraft:bone":2,"iceandfire:silver_nugget":2,"minecraft:iron_nugget":2,"minecraft:wheat":6,"aoa3:raw_charger_shank":1,"minecraft:beetroot":4,"patchouli:guide_book":5,"aether:chainmail_gloves":1,"minecraft:spruce_trapdoor":4,"aoa3:sharp_claw":3,"mysticalagriculture:inferium_essence":5,"minecraft:jungle_log":24,"allomancy:electrum_flakes":1,"minecraft:beetroot_seeds":12,"minecraft:acacia_sapling":1,"doggytalents:rice_grains":5,"minecraft:arrow":2,"biomesoplenty:mahogany_sapling":10,"minecraft:stone_pickaxe":1,"minecraft:written_book":2,"cyclic:sandstone_pickaxe":1},"minecraft:used":{"biomesoplenty:mahogany_planks":178,"ironfurnaces:gold_furnace":3,"sophisticatedbackpacks:iron_backpack":1,"minecraft:iron_bars":1,"quark:jungle_chest":1,"minecraft:iron_sword":11,"aoa3:raw_charger_shank":1,"aoa3:carved_rune_of_reality":1,"minecraft:torch":2,"minecraft:mutton":3,"minecraft:dirt":3,"minecraft:white_carpet":6,"iceandfire:pixie_dust":1,"minecraft:carrot":19,"excessive_building:dark_oak_crafting_table":1,"minecraft:wooden_axe":6,"excessive_building:jungle_crafting_table":2,"minecraft:iron_axe":13,"minecraft:light_gray_wool":7,"ironfurnaces:iron_furnace":3,"quark:rusty_iron_plate":1,"minecraft:magma_block":1,"minecraft:furnace":6,"minecraft:cooked_beef":4,"minecraft:potato":4,"minecraft:wheat_seeds":8,"farmersdelight:skillet":1,"minecraft:stone_pickaxe":36,"ars_nouveau:mendosteen_pod":3,"minecraft:wooden_pickaxe":27,"minecraft:spruce_sign":2,"botania:orange_mystical_flower":1,"cyclic:sandstone_pickaxe":16,"minecraft:crafting_table":2,"quark:acacia_chest":1,"minecraft:blast_furnace":2,"minecraft:crossbow":2,"minecraft:white_bed":1,"minecraft:smoker":1,"excessive_building:acacia_crafting_table":1,"enderio:dark_steel_sword":100,"minecraft:black_wool":4,"minecraft:cyan_bed":1,"minecraft:iron_pickaxe":129,"minecraft:spruce_trapdoor":3,"biomesoplenty:mahogany_boat":1,"croptopia:toast":2,"minecraft:cobblestone":13,"minecraft:cooked_porkchop":5,"minecraft:smooth_stone_slab":3,"minecraft:experience_bottle":2},"minecraft:crafted":{"excessive_building:dark_oak_crafting_table":1,"biomesoplenty:mahogany_planks":196,"quark:jungle_chest":1,"croptopia:toast":21,"minecraft:loom":3,"excessive_building:acacia_crafting_table":1,"cyclic:crafting_stick":1,"quark:acacia_chest":1,"minecraft:leather":9,"minecraft:iron_axe":1,"minecraft:stone_pickaxe":1,"minecraft:dark_oak_planks":24,"minecraft:wheat":45,"minecraft:cooked_beef":7,"minecraft:cooked_porkchop":5,"minecraft:crafting_table":3,"minecraft:wooden_pickaxe":1,"farmersdelight:egg_sandwich":8,"minecraft:gold_block":6,"minecraft:bread":36,"minecraft:air":0,"minecraft:jungle_planks":16,"minecraft:raw_gold":252,"minecraft:stick":36,"minecraft:iron_ingot":70,"minecraft:wooden_axe":2,"minecraft:iron_pickaxe":1,"biomesoplenty:mahogany_boat":1,"minecraft:gold_ingot":67,"minecraft:acacia_planks":32,"minecraft:torch":4,"excessive_building:jungle_crafting_table":2,"levelhearts:heart_container":3},"minecraft:custom":{"lootr:looted_stat":24,"minecraft:mob_kills":31,"minecraft:animals_bred":5,"minecraft:interact_with_crafting_table":17,"minecraft:damage_dealt_resisted":0,"minecraft:leave_game":7,"minecraft:time_since_death":155404,"minecraft:climb_one_cm":2982,"minecraft:sprint_one_cm":259736,"minecraft:walk_one_cm":224735,"minecraft:drop":90,"minecraft:talked_to_villager":7,"minecraft:play_time":155404,"minecraft:sneak_time":1897,"minecraft:walk_under_water_one_cm":915,"minecraft:interact_with_brewingstand":1,"minecraft:jump":2215,"minecraft:interact_with_blast_furnace":19,"minecraft:walk_on_water_one_cm":6473,"minecraft:total_world_time":155404,"minecraft:interact_with_furnace":69,"minecraft:traded_with_villager":4,"minecraft:sleep_in_bed":3,"minecraft:waystone_activated":1,"minecraft:time_since_rest":21278,"minecraft:damage_taken":1988,"minecraft:damage_dealt":6582,"minecraft:swim_one_cm":7020,"minecraft:fly_one_cm":415248,"minecraft:open_chest":27,"minecraft:crouch_one_cm":7535,"minecraft:interact_with_smoker":15,"minecraft:fall_one_cm":63578,"minecraft:inspect_dispenser":1},"minecraft:picked_up":{"minecraft:charcoal":71,"minecraft:wheat":74,"aoa3:copper_coin":12,"enderio:broken_spawner":2,"minecraft:iron_axe":1,"minecraft:smooth_stone_slab":3,"minecraft:item_frame":2,"quark:bonded_leather":1,"minecraft:white_carpet":6,"minecraft:experience_bottle":1,"minecraft:beetroot":4,"minecraft:gold_nugget":364,"mysticalagriculture:inferium_essence":5,"biomesoplenty:black_sand":9,"aoa3:raw_charger_shank":3,"minecraft:written_book":1,"ars_nouveau:mendosteen_pod":3,"minecraft:jungle_sapling":4,"minecraft:iron_nugget":2,"minecraft:light_gray_wool":2,"delightful:green_tea_leaf":2,"minecraft:spruce_trapdoor":7,"minecraft:furnace":9,"minecraft:dark_oak_sapling":2,"minecraft:stick":19,"minecraft:raw_iron":70,"apotheosis:gem":1,"minecraft:raw_gold_block":28,"minecraft:composter":2,"minecraft:acacia_log":8,"minecraft:spruce_stairs":4,"quark:deepslate_furnace":2,"minecraft:carrot":55,"ars_nouveau:green_archwood_log":59,"minecraft:arrow":5,"minecraft:rotten_flesh":2,"minecraft:beetroot_seeds":12,"biomesoplenty:mahogany_sapling":10,"ars_nouveau:imbuement_chamber":1,"minecraft:hay_block":5,"minecraft:gold_ingot":37,"minecraft:mutton":3,"minecraft:iron_bars":1,"forbidden_arcanus:spawner_scrap":1,"minecraft:white_wool":1,"minecraft:cobblestone":25,"minecraft:magma_block":1,"minecraft:air":0,"minecraft:feather":7,"aoa3:carved_rune_of_reality":1,"minecraft:jungle_log":77,"vinery:jungle_grape_seeds_red":1,"minecraft:smoker":1,"minecraft:potato":14,"doggytalents:rice_grains":5,"quark:rusty_iron_plate":1,"biomesoplenty:mahogany_boat":1,"farmersdelight:skillet":1,"minecraft:dirt":3,"minecraft:bone":8,"ars_nouveau:green_archwood_sapling":5,"minecraft:wheat_seeds":210,"minecraft:raw_gold":148,"aoa3:sharp_claw":3,"enderio:dark_steel_sword":1,"minecraft:fletching_table":1,"ironfurnaces:iron_furnace":3,"minecraft:acacia_sapling":1,"iceandfire:copper_nugget":14,"ars_nouveau:source_jar":1,"quark:glass_item_frame":2,"quark:dark_oak_ladder":1,"sophisticatedbackpacks:iron_backpack":1,"minecraft:blast_furnace":1,"minecraft:white_bed":1,"levelhearts:heart_piece":4,"minecraft:loom":3,"minecraft:cyan_bed":2,"minecraft:dark_oak_log":7,"biomesoplenty:mahogany_log":103,"botania:orange_mystical_flower":2,"minecraft:crossbow":4,"minecraft:spruce_sign":8,"minecraft:baked_potato":13,"iceandfire:silver_nugget":11,"minecraft:coal":44}},"DataVersion":3465}