{
  "mcwfences:recipes/stone": {
    "criteria": {
      "has_stone": "2024-05-25 01:50:38 -0600"
    },
    "done": true
  },
  "buildersdelight:root": {
    "criteria": {
      "crafting_table": "2024-05-25 01:50:38 -0600"
    },
    "done": true
  },
  "mcwfences:recipes/end": {
    "criteria": {
      "has_end_brick": "2024-05-25 01:50:38 -0600"
    },
    "done": true
  },
  "corail_woodcutter:recipes/biomesoplenty/from_hellbark_planks": {
    "criteria": {
      "has_ingredient": "2024-05-25 01:50:38 -0600"
    },
    "done": true
  },
  "corail_woodcutter:recipes/biomesoplenty/from_magic_planks": {
    "criteria": {
      "has_ingredient": "2024-05-25 01:50:38 -0600"
    },
    "done": true
  },
  "mcwfences:recipes/dark_oak": {
    "criteria": {
      "has_dark_oak": "2024-05-25 01:50:38 -0600"
    },
    "done": true
  },
  "corail_woodcutter:recipes/from_cherry_planks": {
    "criteria": {
      "has_ingredient": "2024-05-25 01:50:38 -0600"
    },
    "done": true
  },
  "mcwfences:recipes/crimson": {
    "criteria": {
      "has_crimson": "2024-05-25 01:50:38 -0600"
    },
    "done": true
  },
  "mcwfences:recipes/prismarine": {
    "criteria": {
      "has_qq": "2024-05-25 01:50:38 -0600"
    },
    "done": true
  },
  "mcwfences:recipes/quartz": {
    "criteria": {
      "has_qq": "2024-05-25 01:50:38 -0600"
    },
    "done": true
  },
  "create:root": {
    "criteria": {
      "0": "2024-05-25 01:50:38 -0600"
    },
    "done": true
  },
  "mcwfences:recipes/sandstone": {
    "criteria": {
      "has_sand": "2024-05-25 01:50:38 -0600"
    },
    "done": true
  },
  "mcwfences:recipes/acacia": {
    "criteria": {
      "has_acacia": "2024-05-25 01:50:38 -0600"
    },
    "done": true
  },
  "mcwfences:recipes/jungle": {
    "criteria": {
      "has_jungle": "2024-05-25 01:50:38 -0600"
    },
    "done": true
  },
  "mcwfences:recipes/oak": {
    "criteria": {
      "has_oak": "2024-05-25 01:50:38 -0600"
    },
    "done": true
  },
  "corail_woodcutter:recipes/biomesoplenty/from_palm_planks": {
    "criteria": {
      "has_ingredient": "2024-05-25 01:50:38 -0600"
    },
    "done": true
  },
  "mcwfences:recipes/mud_brick": {
    "criteria": {
      "has_qq": "2024-05-25 01:50:38 -0600"
    },
    "done": true
  },
  "mcwfences:recipes/mangrove": {
    "criteria": {
      "has_mangrove": "2024-05-25 01:50:38 -0600"
    },
    "done": true
  },
  "mcwfences:recipes/warped": {
    "criteria": {
      "has_warped": "2024-05-25 01:50:38 -0600"
    },
    "done": true
  },
  "mcwfences:recipes/blackstone": {
    "criteria": {
      "has_blackstone": "2024-05-25 01:50:38 -0600"
    },
    "done": true
  },
  "corail_woodcutter:recipes/biomesoplenty/from_redwood_planks": {
    "criteria": {
      "has_ingredient": "2024-05-25 01:50:38 -0600"
    },
    "done": true
  },
  "corail_woodcutter:recipes/from_oak_planks": {
    "criteria": {
      "has_ingredient": "2024-05-25 01:50:38 -0600"
    },
    "done": true
  },
  "corail_woodcutter:recipes/from_acacia_planks": {
    "criteria": {
      "has_ingredient": "2024-05-25 01:50:38 -0600"
    },
    "done": true
  },
  "mcwfences:recipes/hedge": {
    "criteria": {
      "has_birch": "2024-05-25 01:50:38 -0600"
    },
    "done": true
  },
  "mcwfences:recipes/nether": {
    "criteria": {
      "has_nether_brick": "2024-05-25 01:50:38 -0600"
    },
    "done": true
  },
  "architects_palette:main/root": {
    "criteria": {
      "craftingtable": "2024-05-25 01:50:38 -0600"
    },
    "done": true
  },
  "vintagedelight:main/root": {
    "criteria": {
      "salt": "2024-05-25 01:50:38 -0600"
    },
    "done": true
  },
  "corail_woodcutter:recipes/from_dark_oak_planks": {
    "criteria": {
      "has_ingredient": "2024-05-25 01:50:38 -0600"
    },
    "done": true
  },
  "corail_woodcutter:recipes/biomesoplenty/from_willow_planks": {
    "criteria": {
      "has_ingredient": "2024-05-25 01:50:38 -0600"
    },
    "done": true
  },
  "vinery:main/root": {
    "criteria": {
      "seeds": "2024-05-25 01:50:38 -0600"
    },
    "done": true
  },
  "corail_woodcutter:recipes/from_jungle_planks": {
    "criteria": {
      "has_ingredient": "2024-05-25 01:50:38 -0600"
    },
    "done": true
  },
  "mcwfences:recipes/bamboo": {
    "criteria": {
      "has_bamboo": "2024-05-25 01:50:38 -0600"
    },
    "done": true
  },
  "mcwfences:recipes/deepslate": {
    "criteria": {
      "has_deepslate": "2024-05-25 01:50:38 -0600"
    },
    "done": true
  },
  "shadowlands:first_load": {
    "criteria": {
      "first_load": "2024-05-25 01:50:38 -0600"
    },
    "done": true
  },
  "corail_woodcutter:recipes/biomesoplenty/from_umbran_planks": {
    "criteria": {
      "has_ingredient": "2024-05-25 01:50:38 -0600"
    },
    "done": true
  },
  "moglowstone:main/root": {
    "criteria": {
      "magenta": "2024-05-25 01:50:38 -0600",
      "pink": "2024-05-25 01:50:38 -0600",
      "green": "2024-05-25 01:50:38 -0600",
      "lime": "2024-05-25 01:50:38 -0600",
      "black": "2024-05-25 01:50:38 -0600",
      "light_blue": "2024-05-25 01:50:38 -0600",
      "brown": "2024-05-25 01:50:38 -0600",
      "cyan": "2024-05-25 01:50:38 -0600",
      "orange": "2024-05-25 01:50:38 -0600",
      "red": "2024-05-25 01:50:38 -0600",
      "gray": "2024-05-25 01:50:38 -0600",
      "white": "2024-05-25 01:50:38 -0600",
      "blue": "2024-05-25 01:50:38 -0600",
      "purple": "2024-05-25 01:50:38 -0600",
      "silver": "2024-05-25 01:50:38 -0600"
    },
    "done": true
  },
  "corail_woodcutter:recipes/from_warped_planks": {
    "criteria": {
      "has_ingredient": "2024-05-25 01:50:38 -0600"
    },
    "done": true
  },
  "corail_woodcutter:recipes/biomesoplenty/from_jacaranda_planks": {
    "criteria": {
      "has_ingredient": "2024-05-25 01:50:38 -0600"
    },
    "done": true
  },
  "crabbersdelight:main/root": {
    "criteria": {
      "seeds": "2024-05-25 01:50:38 -0600"
    },
    "done": true
  },
  "mcwfences:recipes/spruce": {
    "criteria": {
      "has_spruce": "2024-05-25 01:50:38 -0600"
    },
    "done": true
  },
  "corail_woodcutter:recipes/biomesoplenty/from_dead_planks": {
    "criteria": {
      "has_ingredient": "2024-05-25 01:50:38 -0600"
    },
    "done": true
  },
  "infinite_abyss:logged_in": {
    "criteria": {
      "logged_in": "2024-05-25 01:50:38 -0600"
    },
    "done": true
  },
  "farmersdelight:main/root": {
    "criteria": {
      "seeds": "2024-05-25 01:50:38 -0600"
    },
    "done": true
  },
  "theabyss:unlockthebook": {
    "criteria": {
      "unlockthebook": "2024-05-25 01:50:38 -0600"
    },
    "done": true
  },
  "corail_woodcutter:recipes/from_bamboo_mosaic": {
    "criteria": {
      "has_ingredient": "2024-05-25 01:50:38 -0600"
    },
    "done": true
  },
  "corail_woodcutter:recipes/from_crimson_planks": {
    "criteria": {
      "has_ingredient": "2024-05-25 01:50:38 -0600"
    },
    "done": true
  },
  "ironfurnaces:coal": {
    "criteria": {
      "rainbowcoal": "2024-05-25 01:50:38 -0600"
    },
    "done": true
  },
  "corail_woodcutter:recipes/biomesoplenty/from_mahogany_planks": {
    "criteria": {
      "has_ingredient": "2024-05-25 01:50:38 -0600"
    },
    "done": true
  },
  "aoa3:completionist/by_the_books": {
    "criteria": {
      "legitimate": "2024-05-25 01:50:38 -0600"
    },
    "done": true
  },
  "corail_woodcutter:recipes/from_mangrove_planks": {
    "criteria": {
      "has_ingredient": "2024-05-25 01:50:38 -0600"
    },
    "done": true
  },
  "corail_woodcutter:recipes/from_birch_planks": {
    "criteria": {
      "has_ingredient": "2024-05-25 01:50:38 -0600"
    },
    "done": true
  },
  "corail_woodcutter:recipes/biomesoplenty/from_fir_planks": {
    "criteria": {
      "has_ingredient": "2024-05-25 01:50:38 -0600"
    },
    "done": true
  },
  "corail_woodcutter:recipes/from_spruce_planks": {
    "criteria": {
      "has_ingredient": "2024-05-25 01:50:38 -0600"
    },
    "done": true
  },
  "moglowstone:main/glowstone_coal": {
    "criteria": {
      "carrot": "2024-05-25 01:50:38 -0600"
    },
    "done": true
  },
  "cosmeticarmoursmod:cosmetic_armours_achievement": {
    "criteria": {
      "cosmetic_armours_achievement": "2024-05-25 01:50:38 -0600"
    },
    "done": true
  },
  "mcwfences:recipes/birch": {
    "criteria": {
      "has_birch": "2024-05-25 01:50:38 -0600"
    },
    "done": true
  },
  "corail_woodcutter:recipes/from_bamboo_planks": {
    "criteria": {
      "has_ingredient": "2024-05-25 01:50:38 -0600"
    },
    "done": true
  },
  "ironladders:waxed_copper_ladder": {
    "criteria": {
      "has_recipe": "2024-05-25 01:50:39 -0600"
    },
    "done": true
  },
  "ironladders:netherite_upgrade": {
    "criteria": {
      "has_recipe": "2024-05-25 01:50:39 -0600"
    },
    "done": true
  },
  "beachparty:sunglasses": {
    "criteria": {
      "has_the_recipe": "2024-05-25 01:50:39 -0600"
    },
    "done": true
  },
  "comforts:sleeping_bag_pink": {
    "criteria": {
      "has_the_recipe": "2024-05-25 01:50:39 -0600"
    },
    "done": true
  },
  "comforts:hammock_magenta": {
    "criteria": {
      "has_the_recipe": "2024-05-25 01:50:39 -0600"
    },
    "done": true
  },
  "idas:idas_root": {
    "criteria": {
      "always": "2024-05-25 01:50:39 -0600"
    },
    "done": true
  },
  "beachparty:palm_pressure_plate": {
    "criteria": {
      "has_the_recipe": "2024-05-25 01:50:39 -0600"
    },
    "done": true
  },
  "beachparty:bikini": {
    "criteria": {
      "has_the_recipe": "2024-05-25 01:50:39 -0600"
    },
    "done": true
  },
  "ironladders:iron_upgrade": {
    "criteria": {
      "has_recipe": "2024-05-25 01:50:39 -0600"
    },
    "done": true
  },
  "ironladders:glowing_upgrade": {
    "criteria": {
      "has_recipe": "2024-05-25 01:50:39 -0600"
    },
    "done": true
  },
  "beachparty:mini_fridge": {
    "criteria": {
      "has_the_recipe": "2024-05-25 01:50:39 -0600"
    },
    "done": true
  },
  "comforts:rope_and_nail": {
    "criteria": {
      "has_the_recipe": "2024-05-25 01:50:39 -0600"
    },
    "done": true
  },
  "beachparty:chair": {
    "criteria": {
      "has_the_recipe": "2024-05-25 01:50:39 -0600"
    },
    "done": true
  },
  "ironladders:waxed_oxidized_copper_ladder": {
    "criteria": {
      "has_recipe": "2024-05-25 01:50:39 -0600"
    },
    "done": true
  },
  "comforts:sleeping_bag_cyan": {
    "criteria": {
      "has_the_recipe": "2024-05-25 01:50:39 -0600"
    },
    "done": true
  },
  "comforts:sleeping_bag_light_gray": {
    "criteria": {
      "has_the_recipe": "2024-05-25 01:50:39 -0600"
    },
    "done": true
  },
  "beachparty:palm_beam": {
    "criteria": {
      "has_the_recipe": "2024-05-25 01:50:39 -0600"
    },
    "done": true
  },
  "beachparty:palm_door": {
    "criteria": {
      "has_the_recipe": "2024-05-25 01:50:39 -0600"
    },
    "done": true
  },
  "ironladders:power_upgrade": {
    "criteria": {
      "has_recipe": "2024-05-25 01:50:39 -0600"
    },
    "done": true
  },
  "ironladders:iron_ladder": {
    "criteria": {
      "has_recipe": "2024-05-25 01:50:39 -0600"
    },
    "done": true
  },
  "beachparty:beach_hat": {
    "criteria": {
      "has_the_recipe": "2024-05-25 01:50:39 -0600"
    },
    "done": true
  },
  "ars_nouveau:root": {
    "criteria": {
      "ars_nouveau:worn_notebook": "2024-05-25 01:50:39 -0600"
    },
    "done": true
  },
  "comforts:hammock_gray": {
    "criteria": {
      "has_the_recipe": "2024-05-25 01:50:39 -0600"
    },
    "done": true
  },
  "undergarden:undergarden/root": {
    "criteria": {
      "tick": "2024-05-25 01:50:39 -0600"
    },
    "done": true
  },
  "1_splatus:ultris/root": {
    "criteria": {
      "c1": "2024-05-25 01:50:39 -0600"
    },
    "done": true
  },
  "beachparty:cabinet": {
    "criteria": {
      "has_the_recipe": "2024-05-25 01:50:39 -0600"
    },
    "done": true
  },
  "beachparty:palm_floorboard": {
    "criteria": {
      "has_the_recipe": "2024-05-25 01:50:39 -0600"
    },
    "done": true
  },
  "beachparty:radio": {
    "criteria": {
      "has_the_recipe": "2024-05-25 01:50:39 -0600"
    },
    "done": true
  },
  "comforts:sleeping_bag_magenta": {
    "criteria": {
      "has_the_recipe": "2024-05-25 01:50:39 -0600"
    },
    "done": true
  },
  "beachparty:palm_planks": {
    "criteria": {
      "has_the_recipe": "2024-05-25 01:50:39 -0600"
    },
    "done": true
  },
  "naturescompass:natures_compass": {
    "criteria": {
      "has_recipe": "2024-05-25 01:50:39 -0600"
    },
    "done": true
  },
  "comforts:sleeping_bag_black": {
    "criteria": {
      "has_the_recipe": "2024-05-25 01:50:39 -0600"
    },
    "done": true
  },
  "beachparty:palm_stairs": {
    "criteria": {
      "has_the_recipe": "2024-05-25 01:50:39 -0600"
    },
    "done": true
  },
  "comforts:sleeping_bag_red": {
    "criteria": {
      "has_the_recipe": "2024-05-25 01:50:39 -0600"
    },
    "done": true
  },
  "mekanism:root": {
    "criteria": {
      "automatic": "2024-05-25 01:50:39 -0600"
    },
    "done": true
  },
  "ironladders:waxed_weathered_copper_ladder": {
    "criteria": {
      "has_recipe": "2024-05-25 01:50:39 -0600"
    },
    "done": true
  },
  "ironladders:iron_ladder_no_copper": {
    "criteria": {
      "has_recipe": "2024-05-25 01:50:39 -0600"
    },
    "done": true
  },
  "ironladders:diamond_upgrade": {
    "criteria": {
      "has_recipe": "2024-05-25 01:50:39 -0600"
    },
    "done": true
  },
  "comforts:sleeping_bag_brown": {
    "criteria": {
      "has_the_recipe": "2024-05-25 01:50:39 -0600"
    },
    "done": true
  },
  "lootr:root": {
    "criteria": {
      "always_true": "2024-05-25 01:50:39 -0600"
    },
    "done": true
  },
  "ironladders:wood_gold_upgrade": {
    "criteria": {
      "has_recipe": "2024-05-25 01:50:39 -0600"
    },
    "done": true
  },
  "comforts:hammock_brown": {
    "criteria": {
      "has_the_recipe": "2024-05-25 01:50:39 -0600"
    },
    "done": true
  },
  "ironladders:copper_upgrade": {
    "criteria": {
      "has_recipe": "2024-05-25 01:50:39 -0600"
    },
    "done": true
  },
  "beachparty:palm_button": {
    "criteria": {
      "has_the_recipe": "2024-05-25 01:50:39 -0600"
    },
    "done": true
  },
  "beachparty:palm_tall_torch": {
    "criteria": {
      "has_the_recipe": "2024-05-25 01:50:39 -0600"
    },
    "done": true
  },
  "ironladders:netherite_ladder": {
    "criteria": {
      "has_recipe": "2024-05-25 01:50:39 -0600"
    },
    "done": true
  },
  "beachparty:lounge_chair": {
    "criteria": {
      "has_the_recipe": "2024-05-25 01:50:39 -0600"
    },
    "done": true
  },
  "comforts:sleeping_bag_light_blue": {
    "criteria": {
      "has_the_recipe": "2024-05-25 01:50:39 -0600"
    },
    "done": true
  },
  "iceandfire:iceandfire/root": {
    "criteria": {
      "tick": "2024-05-25 01:50:39 -0600"
    },
    "done": true
  },
  "beachparty:palm_sign": {
    "criteria": {
      "has_the_recipe": "2024-05-25 01:50:39 -0600"
    },
    "done": true
  },
  "comforts:hammock_purple": {
    "criteria": {
      "has_the_recipe": "2024-05-25 01:50:39 -0600"
    },
    "done": true
  },
  "beachparty:palm_chest_boat": {
    "criteria": {
      "has_the_recipe": "2024-05-25 01:50:39 -0600"
    },
    "done": true
  },
  "comforts:hammock_red": {
    "criteria": {
      "has_the_recipe": "2024-05-25 01:50:39 -0600"
    },
    "done": true
  },
  "comforts:sleeping_bag_white": {
    "criteria": {
      "has_the_recipe": "2024-05-25 01:50:39 -0600"
    },
    "done": true
  },
  "comforts:sleeping_bag_gray": {
    "criteria": {
      "has_the_recipe": "2024-05-25 01:50:39 -0600"
    },
    "done": true
  },
  "player_companions:grant_book_on_first_join": {
    "criteria": {
      "tick": "2024-05-25 01:50:39 -0600"
    },
    "done": true
  },
  "ironladders:morph_upgrade": {
    "criteria": {
      "has_recipe": "2024-05-25 01:50:39 -0600"
    },
    "done": true
  },
  "ironladders:wood_netherite_upgrade": {
    "criteria": {
      "has_recipe": "2024-05-25 01:50:39 -0600"
    },
    "done": true
  },
  "comforts:hammock_black": {
    "criteria": {
      "has_the_recipe": "2024-05-25 01:50:39 -0600"
    },
    "done": true
  },
  "ironladders:gold_upgrade": {
    "criteria": {
      "has_recipe": "2024-05-25 01:50:39 -0600"
    },
    "done": true
  },
  "ironladders:gold_ladder": {
    "criteria": {
      "has_recipe": "2024-05-25 01:50:39 -0600"
    },
    "done": true
  },
  "beachparty:hammock": {
    "criteria": {
      "has_the_recipe": "2024-05-25 01:50:39 -0600"
    },
    "done": true
  },
  "naturescompass:natures_compass_log": {
    "criteria": {
      "has_recipe": "2024-05-25 01:50:39 -0600"
    },
    "done": true
  },
  "unseen_world:welcometo_unseen_world": {
    "criteria": {
      "welcometo_unseen_world": "2024-05-25 01:50:39 -0600"
    },
    "done": true
  },
  "comforts:hammock_cyan": {
    "criteria": {
      "has_the_recipe": "2024-05-25 01:50:39 -0600"
    },
    "done": true
  },
  "comforts:sleeping_bag_purple": {
    "criteria": {
      "has_the_recipe": "2024-05-25 01:50:39 -0600"
    },
    "done": true
  },
  "runecraft:grant_book_on_first_join": {
    "criteria": {
      "tick": "2024-05-25 01:50:39 -0600"
    },
    "done": true
  },
  "comforts:sleeping_bag_green": {
    "criteria": {
      "has_the_recipe": "2024-05-25 01:50:39 -0600"
    },
    "done": true
  },
  "ironladders:wood_diamond_upgrade": {
    "criteria": {
      "has_recipe": "2024-05-25 01:50:39 -0600"
    },
    "done": true
  },
  "comforts:hammock_light_blue": {
    "criteria": {
      "has_the_recipe": "2024-05-25 01:50:39 -0600"
    },
    "done": true
  },
  "beachparty:table": {
    "criteria": {
      "has_the_recipe": "2024-05-25 01:50:39 -0600"
    },
    "done": true
  },
  "ironladders:wood_iron_upgrade": {
    "criteria": {
      "has_recipe": "2024-05-25 01:50:39 -0600"
    },
    "done": true
  },
  "ironladders:waxed_exposed_copper_ladder": {
    "criteria": {
      "has_recipe": "2024-05-25 01:50:39 -0600"
    },
    "done": true
  },
  "comforts:hammock_green": {
    "criteria": {
      "has_the_recipe": "2024-05-25 01:50:39 -0600"
    },
    "done": true
  },
  "comforts:hammock_lime": {
    "criteria": {
      "has_the_recipe": "2024-05-25 01:50:39 -0600"
    },
    "done": true
  },
  "naturescompass:natures_compass_sapling": {
    "criteria": {
      "has_recipe": "2024-05-25 01:50:39 -0600"
    },
    "done": true
  },
  "beachparty:tiki_chair": {
    "criteria": {
      "has_the_recipe": "2024-05-25 01:50:39 -0600"
    },
    "done": true
  },
  "beachparty:palm_boat": {
    "criteria": {
      "has_the_recipe": "2024-05-25 01:50:39 -0600"
    },
    "done": true
  },
  "comforts:sleeping_bag_orange": {
    "criteria": {
      "has_the_recipe": "2024-05-25 01:50:39 -0600"
    },
    "done": true
  },
  "ironladders:copper_ladder": {
    "criteria": {
      "has_recipe": "2024-05-25 01:50:39 -0600"
    },
    "done": true
  },
  "comforts:hammock_blue": {
    "criteria": {
      "has_the_recipe": "2024-05-25 01:50:39 -0600"
    },
    "done": true
  },
  "ironladders:wood_iron_upgrade_no_copper": {
    "criteria": {
      "has_recipe": "2024-05-25 01:50:39 -0600"
    },
    "done": true
  },
  "comforts:hammock_white": {
    "criteria": {
      "has_the_recipe": "2024-05-25 01:50:39 -0600"
    },
    "done": true
  },
  "comforts:hammock_light_gray": {
    "criteria": {
      "has_the_recipe": "2024-05-25 01:50:39 -0600"
    },
    "done": true
  },
  "beachparty:beach_chair": {
    "criteria": {
      "has_the_recipe": "2024-05-25 01:50:39 -0600"
    },
    "done": true
  },
  "beachparty:palm_slab": {
    "criteria": {
      "has_the_recipe": "2024-05-25 01:50:39 -0600"
    },
    "done": true
  },
  "comforts:hammock_pink": {
    "criteria": {
      "has_the_recipe": "2024-05-25 01:50:39 -0600"
    },
    "done": true
  },
  "ironladders:hiding_upgrade": {
    "criteria": {
      "has_recipe": "2024-05-25 01:50:39 -0600"
    },
    "done": true
  },
  "comforts:sleeping_bag_lime": {
    "criteria": {
      "has_the_recipe": "2024-05-25 01:50:39 -0600"
    },
    "done": true
  },
  "beachparty:palm_fence_gate": {
    "criteria": {
      "has_the_recipe": "2024-05-25 01:50:39 -0600"
    },
    "done": true
  },
  "apotheosis:give_book": {
    "criteria": {
      "tick": "2024-05-25 01:50:39 -0600"
    },
    "done": true
  },
  "comforts:hammock_yellow": {
    "criteria": {
      "has_the_recipe": "2024-05-25 01:50:39 -0600"
    },
    "done": true
  },
  "beachparty:palm_trapdoor": {
    "criteria": {
      "has_the_recipe": "2024-05-25 01:50:39 -0600"
    },
    "done": true
  },
  "beachparty:palm_fence": {
    "criteria": {
      "has_the_recipe": "2024-05-25 01:50:39 -0600"
    },
    "done": true
  },
  "occultism:occultism/root": {
    "criteria": {
      "occultism_present": "2024-05-25 01:50:39 -0600"
    },
    "done": true
  },
  "comforts:sleeping_bag_blue": {
    "criteria": {
      "has_the_recipe": "2024-05-25 01:50:39 -0600"
    },
    "done": true
  },
  "beachparty:palm_wood": {
    "criteria": {
      "has_the_recipe": "2024-05-25 01:50:39 -0600"
    },
    "done": true
  },
  "comforts:sleeping_bag_yellow": {
    "criteria": {
      "has_the_recipe": "2024-05-25 01:50:39 -0600"
    },
    "done": true
  },
  "beachparty:beach_towel": {
    "criteria": {
      "has_the_recipe": "2024-05-25 01:50:39 -0600"
    },
    "done": true
  },
  "ironladders:diamond_ladder": {
    "criteria": {
      "has_recipe": "2024-05-25 01:50:39 -0600"
    },
    "done": true
  },
  "comforts:hammock_orange": {
    "criteria": {
      "has_the_recipe": "2024-05-25 01:50:39 -0600"
    },
    "done": true
  },
  "biomesoplenty:biomesoplenty/all_biomes": {
    "criteria": {
      "shrubland": "2024-05-25 23:33:21 -0600",
      "scrubland": "2024-05-25 03:51:49 -0600",
      "fungal_jungle": "2024-05-25 02:15:50 -0600",
      "volcano": "2024-05-28 23:02:16 -0600",
      "volcanic_plains": "2024-05-25 01:50:41 -0600",
      "rainforest": "2024-05-25 01:53:47 -0600"
    },
    "done": false
  },
  "biomesoplenty:biomesoplenty/root": {
    "criteria": {
      "volcanic_plains": "2024-05-25 01:50:41 -0600"
    },
    "done": true
  },
  "immersive_armors:recipes/misc/wooden": {
    "criteria": {
      "has_item": "2024-05-25 01:53:23 -0600"
    },
    "done": true
  },
  "exlinefurniture:recipes/misc/dark_oak": {
    "criteria": {
      "has_ingredient": "2024-05-25 01:53:30 -0600"
    },
    "done": true
  },
  "tetra:recipes/planks": {
    "criteria": {
      "got_wood": "2024-05-25 01:53:30 -0600"
    },
    "done": true
  },
  "minecraft:adventure/root": {
    "criteria": {
      "killed_something": "2024-05-25 01:55:39 -0600"
    },
    "done": true
  },
  "exlinefurniture:recipes/misc/jungle": {
    "criteria": {
      "has_ingredient": "2024-05-25 01:57:03 -0600"
    },
    "done": true
  },
  "minecraft:adventure/adventuring_time": {
    "criteria": {
      "minecraft:bamboo_jungle": "2024-05-25 03:09:45 -0600",
      "minecraft:savanna_plateau": "2024-05-25 03:46:21 -0600",
      "minecraft:stony_peaks": "2024-05-25 03:46:13 -0600",
      "minecraft:sparse_jungle": "2024-05-25 03:09:06 -0600",
      "minecraft:lukewarm_ocean": "2024-05-25 01:58:07 -0600",
      "minecraft:river": "2024-05-25 02:54:18 -0600",
      "minecraft:stony_shore": "2024-05-25 03:32:30 -0600",
      "minecraft:dripstone_caves": "2024-05-25 23:47:56 -0600",
      "minecraft:forest": "2024-05-25 03:13:54 -0600",
      "minecraft:jungle": "2024-05-25 03:10:12 -0600",
      "minecraft:savanna": "2024-05-25 03:36:14 -0600",
      "minecraft:plains": "2024-05-25 21:16:42 -0600"
    },
    "done": false
  },
  "lootr:1chest": {
    "criteria": {
      "opened_chest": "2024-05-25 01:58:29 -0600"
    },
    "done": true
  },
  "lootr:social": {
    "criteria": {
      "opened_barrel": "2024-05-28 22:41:16 -0600",
      "opened_chest": "2024-05-25 01:58:29 -0600"
    },
    "done": false
  },
  "farmersdelight:main/get_fd_seed": {
    "criteria": {
      "onion": "2024-05-25 01:58:36 -0600"
    },
    "done": true
  },
  "immersive_armors:recipes/misc/warrior": {
    "criteria": {
      "has_item": "2024-05-25 01:58:37 -0600"
    },
    "done": true
  },
  "immersive_paintings:misc/painting": {
    "criteria": {
      "has_item": "2024-05-25 01:58:42 -0600"
    },
    "done": true
  },
  "minecraft:story/mine_stone": {
    "criteria": {
      "get_stone": "2024-05-25 02:12:50 -0600"
    },
    "done": true
  },
  "exlinefurniture:recipes/misc/stone": {
    "criteria": {
      "has_ingredient": "2024-05-25 02:12:50 -0600"
    },
    "done": true
  },
  "minecraft:story/upgrade_tools": {
    "criteria": {
      "stone_pickaxe": "2024-05-25 02:13:10 -0600"
    },
    "done": true
  },
  "minecraft:husbandry/root": {
    "criteria": {
      "consumed_item": "2024-05-25 02:17:17 -0600"
    },
    "done": true
  },
  "minecraft:husbandry/balanced_diet": {
    "criteria": {
      "bread": "2024-05-25 02:17:17 -0600"
    },
    "done": false
  },
  "aoa3:completionist/my_first_level": {
    "criteria": {
      "level_2": "2024-05-25 02:18:43 -0600"
    },
    "done": true
  },
  "minecraft:adventure/kill_all_mobs": {
    "criteria": {
      "minecraft:skeleton": "2024-05-26 23:10:57 -0600",
      "minecraft:zombie": "2024-05-25 02:20:49 -0600",
      "minecraft:zombie_villager": "2024-05-28 22:33:07 -0600"
    },
    "done": false
  },
  "minecraft:adventure/kill_a_mob": {
    "criteria": {
      "minecraft:zombie": "2024-05-25 02:20:49 -0600"
    },
    "done": true
  },
  "exlinefurniture:recipes/misc/rotten_flesh": {
    "criteria": {
      "has_ingredient": "2024-05-25 02:28:45 -0600"
    },
    "done": true
  },
  "exlinefurniture:recipes/misc/bone": {
    "criteria": {
      "has_ingredient": "2024-05-25 02:30:14 -0600"
    },
    "done": true
  },
  "immersive_armors:recipes/misc/bone": {
    "criteria": {
      "has_item": "2024-05-25 02:30:14 -0600"
    },
    "done": true
  },
  "apotheosis:affix/gem": {
    "criteria": {
      "gem": "2024-05-25 02:30:16 -0600"
    },
    "done": true
  },
  "immersive_aircraft:misc/aircraftery": {
    "criteria": {
      "has_item": "2024-05-25 02:37:05 -0600"
    },
    "done": true
  },
  "minecraft:story/smelt_iron": {
    "criteria": {
      "iron": "2024-05-25 02:37:05 -0600"
    },
    "done": true
  },
  "exlinefurniture:recipes/misc/iron": {
    "criteria": {
      "has_ingredient": "2024-05-25 02:37:05 -0600"
    },
    "done": true
  },
  "minecraft:story/mine_diamond": {
    "criteria": {
      "diamond": "2024-05-25 02:38:11 -0600"
    },
    "done": true
  },
  "minecraft:story/iron_tools": {
    "criteria": {
      "iron_pickaxe": "2024-05-25 02:38:15 -0600"
    },
    "done": true
  },
  "minecraft:story/form_obsidian": {
    "criteria": {
      "obsidian": "2024-05-25 02:39:52 -0600"
    },
    "done": true
  },
  "minecraft:adventure/sleep_in_bed": {
    "criteria": {
      "slept_in_bed": "2024-05-25 02:40:15 -0600"
    },
    "done": true
  },
  "lootr:10loot": {
    "criteria": {
      "loot_stat": "2024-05-25 02:45:13 -0600"
    },
    "done": true
  },
  "immersive_paintings:misc/graffiti": {
    "criteria": {
      "has_item": "2024-05-25 02:48:42 -0600"
    },
    "done": true
  },
  "evilcraft:root": {
    "criteria": {
      "criteria_0": "2024-05-25 02:57:55 -0600"
    },
    "done": true
  },
  "evilcraft:first_age": {
    "criteria": {
      "criteria_0": "2024-05-25 02:58:25 -0600"
    },
    "done": true
  },
  "minecraft:story/obtain_armor": {
    "criteria": {
      "iron_boots": "2024-05-25 03:05:18 -0600"
    },
    "done": true
  },
  "apotheosis:affix/root": {
    "criteria": {
      "sword": "2024-05-25 03:05:18 -0600"
    },
    "done": true
  },
  "apotheosis:affix/random": {
    "criteria": {
      "sword": "2024-05-25 03:05:18 -0600"
    },
    "done": true
  },
  "beachparty:palm_torch": {
    "criteria": {
      "has_bamboo": "2024-05-25 03:09:39 -0600"
    },
    "done": true
  },
  "idas:enchantingtower": {
    "criteria": {
      "in_enchantingtower": "2024-05-25 03:19:26 -0600"
    },
    "done": true
  },
  "create_enchantment_industry:experienced_engineer": {
    "criteria": {
      "have_experience_nugget": "2024-05-25 03:22:08 -0600"
    },
    "done": true
  },
  "create_enchantment_industry:recipes/experience_rotor": {
    "criteria": {
      "has_item": "2024-05-25 03:22:08 -0600"
    },
    "done": true
  },
  "player_companions:crafting/craft_lead": {
    "criteria": {
      "crafting_table": "2024-05-25 21:17:37 -0600"
    },
    "done": true
  },
  "player_companions:crafting/root": {
    "criteria": {
      "crafting_table": "2024-05-25 21:17:37 -0600"
    },
    "done": true
  },
  "minecraft:story/root": {
    "criteria": {
      "crafting_table": "2024-05-25 21:17:37 -0600"
    },
    "done": true
  },
  "pneumaticcraft:pneumatic_wrench": {
    "criteria": {
      "0": "2024-05-25 21:18:33 -0600"
    },
    "done": true
  },
  "pneumaticcraft:pneumatic_wrench_charged": {
    "criteria": {
      "0": "2024-05-25 21:18:33 -0600"
    },
    "done": true
  },
  "exlinefurniture:recipes/misc/oak": {
    "criteria": {
      "has_ingredient": "2024-05-25 21:23:50 -0600"
    },
    "done": true
  },
  "croptopia:gather_food": {
    "criteria": {
      "toast": "2024-05-25 21:27:57 -0600"
    },
    "done": false
  },
  "croptopia:eatcrafted": {
    "criteria": {
      "eat_crafted": "2024-05-25 21:28:41 -0600"
    },
    "done": true
  },
  "farmersdelight:main/place_campfire": {
    "criteria": {
      "campfire": "2024-05-25 21:31:22 -0600"
    },
    "done": true
  },
  "create:copper": {
    "criteria": {
      "0": "2024-05-25 21:46:32 -0600"
    },
    "done": true
  },
  "ae2:main/root": {
    "criteria": {
      "copper": "2024-05-25 21:46:32 -0600"
    },
    "done": true
  },
  "pneumaticcraft:machine_vandal": {
    "criteria": {
      "0": "2024-05-25 21:49:29 -0600"
    },
    "done": true
  },
  "endrem:main/rogue_eye": {
    "criteria": {
      "rogue_eye": "2024-05-25 23:38:18 -0600"
    },
    "done": true
  },
  "endrem:main/root": {
    "criteria": {
      "rogue_eye": "2024-05-25 23:38:18 -0600"
    },
    "done": true
  },
  "pneumaticcraft:root": {
    "criteria": {
      "0": "2024-05-25 23:38:19 -0600"
    },
    "done": true
  },
  "ars_nouveau:warp_scroll": {
    "criteria": {
      "has_warp_scroll": "2024-05-25 23:38:30 -0600"
    },
    "done": true
  },
  "mekanismadditions:hurt_by_babies": {
    "criteria": {
      "baby_skeleton": "2024-05-25 23:56:10 -0600"
    },
    "done": false
  },
  "mekanismadditions:not_the_babies": {
    "criteria": {
      "baby_skeleton": "2024-05-25 23:56:15 -0600"
    },
    "done": true
  },
  "vinery:main/get_apple": {
    "criteria": {
      "apple": "2024-05-26 23:37:36 -0600"
    },
    "done": true
  },
  "lootr:1barrel": {
    "criteria": {
      "opened_barrel": "2024-05-28 22:41:16 -0600"
    },
    "done": true
  },
  "minecraft:story/lava_bucket": {
    "criteria": {
      "lava_bucket": "2024-05-28 22:44:47 -0600"
    },
    "done": true
  },
  "apotheosis:affix/rare": {
    "criteria": {
      "sword": "2024-05-28 22:44:51 -0600"
    },
    "done": true
  },
  "apotheosis:affix/boss": {
    "criteria": {
      "sword": "2024-05-28 23:48:05 -0600"
    },
    "done": true
  },
  "iceandfire:iceandfire/kill_ghost": {
    "criteria": {
      "killed_fire_dragon": "2024-05-28 23:47:55 -0600"
    },
    "done": true
  },
  "DataVersion": 3465
}